{"cameraMode":{"drawMode":0,"name":"Shaded","section":"Shading Mode"},"sceneLighting":true,"audioPlay":false,"sceneViewState":{"showFog":true,"showMaterialUpdate":false,"showSkybox":true,"showFlares":true,"showImageEffects":true,"showParticleSystems":true},"in2DMode":false,"pivot":{"x":-0.6379098892211914,"y":1.473212480545044,"z":-0.26393601298332217},"rotation":{"x":0.1453280746936798,"y":-0.6920114755630493,"z":0.1453280746936798,"w":0.6920116543769836},"size":4.507394790649414,"orthographic":false}