{"cameraMode":{"drawMode":0,"name":"Shaded","section":"Shading Mode"},"sceneLighting":true,"audioPlay":false,"sceneViewState":{"showFog":true,"showMaterialUpdate":false,"showSkybox":true,"showFlares":true,"showImageEffects":true,"showParticleSystems":true},"in2DMode":false,"pivot":{"x":0.1347332000732422,"y":-0.2851853370666504,"z":0.23483242094516755},"rotation":{"x":0.1453280746936798,"y":-0.6920114755630493,"z":0.1453280746936798,"w":0.6920116543769836},"size":5.107395172119141,"orthographic":false}